{
    "0b6AU869xq6KXdK3NtVJnw": {
        "name": "Kabul House",
        "rating": 4.5,
        "image_url": "https://s3-media4.fl.yelpcdn.com/bphoto/igB-gfQvDnvIFexNUhKicQ/o.jpg",
        "display_address": "2424 Dempster St, Evanston, IL 60202",
        "coordinates": {
            "latitude": 42.04066,
            "longitude": -87.70823
        },
        "price": "$$",
        "review_count": 947
    },
    "CJWVmhX7gSP8yNGGnAa9Xw": {
        "name": "Ovo Frito Cafe",
        "rating": 4.5,
        "image_url": "https://s3-media2.fl.yelpcdn.com/bphoto/0tWcXZGzoBTE9AnnuJ2dsQ/o.jpg",
        "display_address": "1936 Maple Ave, Evanston, IL 60201",
        "coordinates": {
            "latitude": 42.05334,
            "longitude": -87.68501
        },
        "price": "$$",
        "review_count": 333
    },
    "x9-IcWixbknuqvZo-bCsiA": {
        "name": "Soulwich",
        "rating": 4.5,
        "image_url": "https://s3-media1.fl.yelpcdn.com/bphoto/_DkvD4PgLUPVPlKxY3qaDg/o.jpg",
        "display_address": "1634 Orrington Ave, Evanston, IL 60201",
        "coordinates": {
            "latitude": 42.0474421,
            "longitude": -87.6813617
        },
        "price": "$",
        "review_count": 571
    },
    "rXKSl38mTW0-d1Jrng8IDw": {
        "name": "NaKorn",
        "rating": 4.5,
        "image_url": "https://s3-media4.fl.yelpcdn.com/bphoto/B0Mv8CPPngaOcKhWPyBZKA/o.jpg",
        "display_address": "1622 Orrington Ave, Evanston, IL 60201",
        "coordinates": {
            "latitude": 42.0472446,
            "longitude": -87.681441
        },
        "price": "$$",
        "review_count": 303
    },
    "JF0Eh1BLVLsdWlhRTYJA3Q": {
        "name": "Cupitol Coffee & Eatery",
        "rating": 4,
        "image_url": "https://s3-media1.fl.yelpcdn.com/bphoto/7NznXxoJQO6uGtQ5KSabew/o.jpg",
        "display_address": "812 Grove St, Evanston, IL 60201",
        "coordinates": {
            "latitude": 42.0453872,
            "longitude": -87.6821464
        },
        "price": "$$",
        "review_count": 432
    },
    "6aCYuLVwqEVAUTpZya3riA": {
        "name": "Ward Eight",
        "rating": 4.5,
        "image_url": "https://s3-media4.fl.yelpcdn.com/bphoto/aRJSwHlSxYtJshRy-G3WZQ/o.jpg",
        "display_address": "629 Howard St, Evanston, IL 60202",
        "coordinates": {
            "latitude": 42.0195549,
            "longitude": -87.6797347
        },
        "price": "$$",
        "review_count": 202
    }
}