{
    "0b6AU869xq6KXdK3NtVJnw": [
        {
            "user": "vanwars",
            "rating": "3",
            "comments": "Great place! My boys loved cooking their own food, we had a real family meal. We started with the meat combo and vegetable combo. Highly recommend the Mongolian dumplings!"
        }, 
        {
            "user": "vanwars1",
            "rating": "4",
            "comments": "text text text text text text text text text text text text text text text text text text text text text text text text"
        }, 
        {
            "user": "vanwars2",
            "rating": "5",
            "comments": "text text text text text text text text text text text text text text text text text text text text text text text text"
        }
    ],
    "CJWVmhX7gSP8yNGGnAa9Xw": [],
    "x9-IcWixbknuqvZo-bCsiA": [],
    "rXKSl38mTW0-d1Jrng8IDw": [],
    "JF0Eh1BLVLsdWlhRTYJA3Q": [],
    "6aCYuLVwqEVAUTpZya3riA": []
}